Tool Name,Current Description,Character Count,First 5 Words
"hierarchical-prompt-builder","Create AI prompts with context→goal→requirements hierarchy supporting chain-of-thought, few-shot, and zero-shot techniques. BEST FOR: code reviews, feature specifications, technical decisions, complex task breakdown. OUTPUTS: Structured markdown prompts for LLM injection.",272,"Create AI prompts with context→goal→requirements"
"code-analysis-prompt-builder","Generate targeted code review prompts focusing on security vulnerabilities, performance bottlenecks, maintainability, and quality assessment. BEST FOR: security audits, performance optimization, refactoring planning, code quality gates. OUTPUTS: Comprehensive review checklist prompts.",285,"Generate targeted code review prompts"
"architecture-design-prompt-builder","Generate system architecture design prompts tailored to project scale with technology recommendations, scalability guidance, and architectural patterns. BEST FOR: microservices planning, system design, architecture decisions, tech stack evaluation. OUTPUTS: Architecture prompts with constraints.",296,"Generate system architecture design prompts"
"digital-enterprise-architect-prompt-builder","Guide enterprise architecture strategy with mentor insights, current research, and decision frameworks for digital transformation. BEST FOR: strategic IT planning, cloud migration, enterprise transformation, technology modernization. OUTPUTS: Architecture decision prompts with business alignment.",297,"Guide enterprise architecture strategy with"
"debugging-assistant-prompt-builder","Create systematic debugging prompts with hypothesis generation, error reproduction steps, and root cause analysis workflows. BEST FOR: production bug investigation, error diagnosis, system failure analysis, intermittent issue debugging. OUTPUTS: Structured debug workflow prompts.",280,"Create systematic debugging prompts with"
"l9-distinguished-engineer-prompt-builder","Generate Distinguished Engineer (L9) technical design prompts for complex software architecture including distributed systems, platform engineering, and high-scale infrastructure. BEST FOR: staff-level architecture, distributed systems, platform strategy. OUTPUTS: Expert-level architecture prompts.",299,"Generate Distinguished Engineer (L9) technical"
"documentation-generator-prompt-builder","Create documentation generation prompts for API references, user guides, README files, and technical specifications with audience-appropriate detail. BEST FOR: API documentation, user manuals, README generation, onboarding docs, technical writing. OUTPUTS: Structured documentation template prompts.",299,"Create documentation generation prompts for"
"strategy-frameworks-builder","Build strategic analysis using SWOT, Porter's Five Forces, Value Chain, and 20+ other frameworks for comprehensive business strategy evaluation. BEST FOR: market expansion, competitive analysis, strategic planning. OUTPUTS: Framework-based analysis sections.",258,"Build strategic analysis using SWOT,"
"gap-frameworks-analyzers","Analyze capability, performance, or technology gaps between current and target states to generate actionable roadmaps with prioritized recommendations. BEST FOR: digital transformation, capability assessment, migration planning. OUTPUTS: Gap analysis reports with remediation steps.",282,"Analyze capability, performance, or technology"
"spark-prompt-builder","Build UI/UX product design prompts from structured inputs including color schemes, typography, spacing, component libraries, and interaction patterns. BEST FOR: design systems, developer tool interfaces, component libraries, UI style guides. OUTPUTS: Detailed design specification prompts.",289,"Build UI/UX product design prompts"
"coverage-dashboard-design-prompt-builder","Generate UI/UX design prompts for test coverage dashboards with accessibility, WCAG compliance, interactive visualizations, and responsive layouts. BEST FOR: test coverage interfaces, metrics dashboards, data visualization, accessibility-first UI. OUTPUTS: Accessible dashboard design prompts.",293,"Generate UI/UX design prompts for"
"clean-code-scorer","Calculate code quality scores (0-100) with metrics for hygiene, test coverage, TypeScript, linting, documentation, and security. BEST FOR: code review automation, refactoring prioritization, CI quality gates. OUTPUTS: Quality score, metrics, improvement recommendations.",270,"Calculate code quality scores (0-100)"
"code-hygiene-analyzer","Analyze codebase for outdated patterns, unused dependencies, deprecated APIs, code smells, and technical debt with modernization recommendations. BEST FOR: legacy code assessment, dependency cleanup, code modernization. OUTPUTS: Hygiene analysis with prioritized recommendations.",279,"Analyze codebase for outdated patterns,"
"dependency-auditor","Multi-language dependency auditor for JavaScript, Python, Go, Rust, Ruby, C++, and Lua to detect vulnerabilities, deprecated packages, and outdated versions. BEST FOR: security scanning, dependency updates, vulnerability assessment. OUTPUTS: Vulnerability reports with remediation guidance.",290,"Multi-language dependency auditor for JavaScript,"
"iterative-coverage-enhancer","Iteratively analyze test coverage gaps, detect dead code, generate test suggestions, and recommend adaptive coverage thresholds. BEST FOR: test coverage optimization, dead code elimination, test suite enhancement, coverage threshold management. OUTPUTS: Test suggestions with coverage gap analysis.",298,"Iteratively analyze test coverage gaps,"
"mermaid-diagram-generator","Generate Mermaid diagrams from descriptions with support for flowcharts, sequence diagrams, class diagrams, state machines, and ERDs including auto-validation and repair. BEST FOR: architecture documentation, process flows, data modeling. OUTPUTS: Validated Mermaid syntax.",273,"Generate Mermaid diagrams from descriptions"
"memory-context-optimizer","Optimize AI agent prompt caching and context window utilization for token efficiency, reduced API costs, and improved response quality. BEST FOR: token reduction, context management, API cost optimization, long-running sessions. OUTPUTS: Optimized context and caching recommendations.",284,"Optimize AI agent prompt caching"
"domain-neutral-prompt-builder","Build domain-agnostic prompts from objectives, workflows, and capabilities without domain assumptions for flexible cross-domain execution. BEST FOR: cross-domain applications, general workflows, domain-independent tasks, flexible templates. OUTPUTS: Domain-neutral structured prompts.",284,"Build domain-agnostic prompts from objectives,"
"security-hardening-prompt-builder","Generate OWASP-aligned security assessment prompts with threat modeling, vulnerability analysis, compliance support (NIST, ISO-27001, SOC-2), and remediation guidance. BEST FOR: security audits, penetration testing, threat modeling. OUTPUTS: Security analysis prompts with threat matrices.",289,"Generate OWASP-aligned security assessment prompts"
"quick-developer-prompts-builder","Generate 'Best of 25' developer prompts with checklist prompts across 5 categories: strategy & planning, code quality, testing, documentation, and DevOps. BEST FOR: rapid code analysis, daily standups, progress tracking, quick reviews. OUTPUTS: Category-organized actionable checklists.",286,"Generate 'Best of 25' developer"
"sprint-timeline-calculator","Calculate sprint timelines, velocity projections, and iteration schedules by inputting story points and team capacity to generate realistic delivery forecasts. BEST FOR: project estimation, sprint planning, capacity analysis. OUTPUTS: Timeline and resource allocation.",268,"Calculate sprint timelines, velocity projections,"
"model-compatibility-checker","Recommend optimal AI models for tasks by comparing Claude, GPT-4, Gemini, and other models based on capabilities, context length, budget, and task-specific requirements. BEST FOR: model selection, cost optimization, capability matching. OUTPUTS: Ranked recommendations with rationale.",284,"Recommend optimal AI models for"
"guidelines-validator","Validate development practices, workflows, and architectural decisions against AI agent guidelines for prompting strategies, code management, and architecture patterns. BEST FOR: practice auditing, workflow compliance, AI best practices validation. OUTPUTS: Detailed validation reports.",286,"Validate development practices, workflows, and"
"semantic-code-analyzer","Perform semantic code analysis with language server protocols to identify symbols, analyze structure, map dependencies, and find references. BEST FOR: code navigation, dependency analysis, symbol discovery, reference tracking. OUTPUTS: Comprehensive semantic analysis reports.",276,"Perform semantic code analysis with"
"project-onboarding","Execute comprehensive project onboarding including structure analysis, dependency detection, technology stack identification, and documentation generation. BEST FOR: new developer onboarding, project documentation, codebase exploration. OUTPUTS: Onboarding documentation with setup instructions.",295,"Execute comprehensive project onboarding including"
"mode-switcher","Switch between specialized agent modes (planning, editing, analysis, debugging, refactoring, documentation) with mode-appropriate tool sets and prompting strategies. BEST FOR: workflow transitions, context switching, mode-based optimization. OUTPUTS: Mode configuration with tailored toolsets.",293,"Switch between specialized agent modes"
"prompting-hierarchy-evaluator","Evaluate prompt quality with hierarchical taxonomy and numeric scoring based on clarity, specificity, completeness, and cognitive complexity. BEST FOR: prompt quality assessment, effectiveness measurement, prompt optimization. OUTPUTS: Detailed scores with improvement recommendations.",285,"Evaluate prompt quality with hierarchical"
"prompt-hierarchy","Unified prompting hierarchy tool with modes: 'build' (create prompts), 'select' (recommend level), 'evaluate' (score quality). BEST FOR: all hierarchy operations, prompt creation, level selection, quality assessment. OUTPUTS: Mode-specific structured responses.",261,"Unified prompting hierarchy tool with"
"hierarchy-level-selector","Select optimal prompting hierarchy level (independent, indirect, direct, modeling, scaffolding, full-physical) based on task complexity and agent capability. BEST FOR: prompt guidance calibration, autonomy tuning, task-capability matching. OUTPUTS: Recommended hierarchy level with justification.",296,"Select optimal prompting hierarchy level"
"design-assistant","Orchestrate multi-phase design workflows with constraint validation, coverage enforcement, ADR generation, and specification creation. BEST FOR: architecture decisions, feature design, technical planning, design documentation. OUTPUTS: ADRs, specifications, roadmaps.",267,"Orchestrate multi-phase design workflows with"
